{"start_time": 65536, "moves": [[0], [0], [1], [7], [1], [5], [1], [4], [3], [2], [5], [3], [5], [4], [5], [4], [3], [5], [5], [5], [6], [5], [4], [6], [3], [6], [1], [6], [7], [6], [7], [6], [1], [4], [7], [5], [1], [6], [1], [0], [1], [7], [1], [6], [0], [6], [6], [5], [5], [7], [7], [6], [1], [4], [0], [3], [2], [1], [2], [0], [2], [2], [2], [2], [2], [0], [3], [1], [5], [1], [5], [0], [7], [0], [1], [1], [1], [1], [2], [3], [4], [3], [3], [5], [2], [3], [2], [3], [3], [5], [1], [4], [7], [4], [0], [4], [6], [2], [6], [2], [4], [2], [3], [2], [1], [0], [0], [1], [2], [2], [3], [0], [1], [0], [3], [0], [4], [7], [6], [6], [5], [6], [3], [6], [2], [4], [4], [4], [5], [2], [7], [2], [7], [4], [1], [4], [3], [6], [3], [6], [4], [4], [6], [5], [5], [6], [5], [6], [3], [6], [4], [6], [6], [6], [7], [6], [0], [7], [0], [5], [0], [6], [0], [6], [0], [6], [0], [0], [0], [0], [6], [0], [6], [0], [6], [2], [6], [3], [0], [1], [7], [1], [5], [0], [5], [2], [3], [3], [1], [3], [7], [2], [5], [0], [7], [1], [0], [7], [2], [0], [3], [2], [3], [3], [5], [5], [5], [6], [7], [4], [0], [5], [2], [5], [2], [5], [2], [5], [1], [7], [0], [7], [6], [0], [5], [0], [4], [1], [6], [3], [5], [4], [5], [2], [5], [1], [4], [1], [4], [2], [5], [0], [7], [7], [1], [6], [1], [6], [0], [5], [6], [4], [7], [6], [0], [7], [2], [5], [3], [3], [3], [4], [3], [6], [1], [5], [7], [4], [1], [2], [7], [1], [0], [7], [6], [6], [6], [4], [6], [4], [5], [4], [3], [3], [2], [1], [0], [3], [1], [1], [3], [0], [5], [2], [5], [3], [5], [4], [6], [6], [4], [7], [3], [7], [5], [1], [3], [3], [3], [5], [4], [3], [6], [1], [5], [0], [3], [0], [3], [0], [5], [0], [6], [0], [4], [2], [3], [1], [2], [0], [2], [0], [2], [1], [null]], "times": [0.021655100004863925, 0.02046709999558516, 0.00032730000384617597, 0.0002945000014733523, 0.00024900000425986946, 0.00023600000713486224, 0.0001973000034922734, 0.00023239999427460134, 0.0002212999970652163, 0.00022640000679530203, 0.00021279999054968357, 0.00023260001034941524, 0.00022200000239536166, 0.00020510000467766076, 0.0002314000012120232, 0.00022089999401941895, 0.0002347999979974702, 0.00021779999951831996, 0.00021769999875687063, 0.00022489999537356198, 0.00022570000146515667, 0.0002300000051036477, 0.00029630000062752515, 0.00024589999520685524, 0.0002469000028213486, 0.0002536999963922426, 0.0002545000024838373, 0.00023429999419022352, 0.00020339999173302203, 0.00023920000239741057, 0.00024440001288894564, 0.00022950000129640102, 0.00025639998784754425, 0.00022499999613501132, 0.00020679998851846904, 0.00023439999495167285, 0.0002601999876787886, 0.00022399998852051795, 0.00020880000374745578, 0.00022089999401941895, 0.00020110000332351774, 0.00022909999825060368, 0.00020379999477881938, 0.0002294000005349517, 0.00031099999614525586, 0.00023499999952036887, 0.0001866999955382198, 0.0002327999973203987, 0.00022479999461211264, 0.00022629999148193747, 0.00022499999613501132, 0.0002466000005370006, 0.00023669999791309237, 0.00023040000814944506, 0.0002038000093307346, 0.0002658999874256551, 0.0001976999919861555, 0.00020930000755470246, 0.00020670000230893493, 0.00020939999376423657, 0.00036950000503566116, 0.00019910000264644623, 0.00020460000087041408, 0.0002106000029016286, 0.0005249999958323315, 0.00021699999342672527, 0.000275999991572462, 0.00021819998801220208, 0.00021439998818095773, 0.0002027000009547919, 0.00021920001017861068, 0.00020319999021012336, 0.00023180000425782055, 0.00019389999215491116, 0.00024120000307448208, 0.00020300000323913991, 0.00020569999469444156, 0.0002091000060318038, 0.000291300006210804, 0.0002023999986704439, 0.00020419999782461673, 0.0003431999939493835, 0.00022899999748915434, 0.0002114000089932233, 0.00022059999173507094, 0.0002246999938506633, 0.00021980000019539148, 0.00022309999621938914, 0.00022400000307243317, 0.00026590000197757035, 0.00023269999655894935, 0.00025999998615588993, 0.00020580001000780612, 0.00021969999943394214, 0.00023060000967234373, 0.00022190000163391232, 0.0001939000067068264, 0.00021729999571107328, 0.00022770000214222819, 0.00020120000408496708, 0.0003921000025002286, 0.00021040000137872994, 0.0003541000041877851, 0.00020260000019334257, 0.0003463000030023977, 0.00020049999875482172, 0.00020419999782461673, 0.00019839999731630087, 0.00024700000358279794, 0.00021100000594742596, 0.00020599999697878957, 0.00020850000146310776, 0.000215300009585917, 0.0001973000034922734, 0.00019389999215491116, 0.00019750000501517206, 0.0002131000073859468, 0.00018360000103712082, 0.0002170000079786405, 0.0002970000059576705, 0.00023019999207463115, 0.0002930000046035275, 0.0002268999960506335, 0.00024170000688172877, 0.000262100002146326, 0.00030690000858157873, 0.0002032999909715727, 0.0004428999964147806, 0.00022149999858811498, 0.0003205999964848161, 0.00024229999689850956, 0.00020390001009218395, 0.00024389999452978373, 0.00021330000890884548, 0.00023459999647457153, 0.0002226999931735918, 0.0002082999999402091, 0.00022080000780988485, 0.00021640000340994447, 0.0002871000033337623, 0.00020750000840052962, 0.0002671999973244965, 0.00022230000467970967, 0.00023039999359752983, 0.0002339000056963414, 0.00022260000696405768, 0.0002249000099254772, 0.00022950000129640102, 0.00022159999934956431, 0.000228899996727705, 0.00022390000231098384, 0.0002327999973203987, 0.00022149999858811498, 0.00033340000663883984, 0.00024380000832024962, 0.0002334000018890947, 0.0002423999976599589, 0.0002294000005349517, 0.00018930000078398734, 0.0002426999999443069, 0.00019639999663922936, 0.00023379999038297683, 0.0002781000075628981, 0.0002297000028192997, 0.00019109999993816018, 0.0002297000028192997, 0.00019750000501517206, 0.000222100003156811, 0.00019669999892357737, 0.00027800000680144876, 0.0002082999999402091, 0.0001903000083984807, 0.00024080000002868474, 0.00019530000281520188, 0.00023130000045057386, 0.00019370000518392771, 0.00022950000129640102, 0.00020370000856928527, 0.0002447000006213784, 0.00021689999266527593, 0.00019120000069960952, 0.0003296000068075955, 0.0002384000108577311, 0.00020149999181739986, 0.00022519999765791, 0.0001979000080609694, 0.00024290000146720558, 0.00021319999359548092, 0.000258100000792183, 0.00026699999580159783, 0.0004090000002179295, 0.00022529999841935933, 0.00023530000180471689, 0.0002275000006193295, 0.00021739999647252262, 0.00019109999993816018, 0.00023710000095888972, 0.0002035999932559207, 0.0001981999957934022, 0.0002373000024817884, 0.00020260000019334257, 0.000195399989024736, 0.0002142000012099743, 0.00020740000763908029, 0.0002195999986724928, 0.00021519999427255243, 0.0002523000002838671, 0.00022620000527240336, 0.00022300001000985503, 0.0002463000128045678, 0.00023970000620465726, 0.00021939999714959413, 0.00020650000078603625, 0.00023150000197347254, 0.00019710000196937472, 0.00022820000594947487, 0.00020260000019334257, 0.00022570000146515667, 0.00022089999401941895, 0.0002263999922433868, 0.00022610000451095402, 0.00029579999682027847, 0.00022140001237858087, 0.00028480000037234277, 0.00033099998836405575, 0.0002035000070463866, 0.00023009999131318182, 0.00019910000264644623, 0.0002523000002838671, 0.00020339999173302203, 0.00022869999520480633, 0.0002125000028172508, 0.00022429999080486596, 0.000222100003156811, 0.00022610000451095402, 0.00021869999181944877, 0.0002277999883517623, 0.00020879998919554055, 0.00021389999892562628, 0.00020429999858606607, 0.0002376000047661364, 0.00020819999917875975, 0.00023639999562874436, 0.00019029999384656549, 0.00023520000104326755, 0.0002432999899610877, 0.00020209999638609588, 0.00024530000519007444, 0.0002043999993475154, 0.00027120001323055476, 0.00019269999756943434, 0.00023130000045057386, 0.0003301999968243763, 0.00022190000163391232, 0.0002395999908912927, 0.00023269999655894935, 0.00018699999782256782, 0.00023570000485051423, 0.0002167999919038266, 0.00022420000459533185, 0.0005806999979540706, 0.000222400005441159, 0.0002057999954558909, 0.00027299999783281237, 0.0002116999967256561, 0.00025830000231508166, 